model_size,quant,tg_tokens,tg_tok_sec,avg_power_w,min_power_w,max_power_w,power_samples,tokens_per_watt,joules_per_token,sec_per_1k_tokens,wh_per_1k_tokens,kwh_per_1m_tokens,rm_per_1k_tokens,rm_per_1m_tokens,electricity_cost_myr_per_kwh,model_file,bench_seconds
3B,Q4_K_M,512,365.524318,180.849310,13.170000,380.370000,29,2.021154,0.494767,2.735796,0.137435,0.137435,0.000076,0.075589,0.55,qwen2.5-3b-instruct-q4_k_m.gguf,16
3B,Q5_K_M,512,343.528857,215.116667,51.100000,393.620000,27,1.596942,0.626197,2.910964,0.173944,0.173944,0.000096,0.095669,0.55,qwen2.5-3b-instruct-q5_k_m.gguf,15
3B,Q8_0,512,292.664034,171.079487,51.430000,353.090000,39,1.710690,0.584559,3.416887,0.162378,0.162378,0.000089,0.089308,0.55,qwen2.5-3b-instruct-q8_0.gguf,22
7B,Q4_K_M,512,247.413181,260.651250,53.070000,492.340000,40,0.949212,1.053506,4.041822,0.292641,0.292641,0.000161,0.160953,0.55,qwen2.5-7b-instruct-q4_k_m-00001-of-00002.gguf,22
7B,Q5_K_M,512,219.982571,263.012955,53.560000,491.780000,44,0.836394,1.195608,4.545815,0.332113,0.332113,0.000183,0.182662,0.55,qwen2.5-7b-instruct-q5_k_m-00001-of-00002.gguf,24
7B,Q8_0,512,173.470794,227.031207,53.440000,434.140000,58,0.764083,1.308758,5.764659,0.363544,0.363544,0.000200,0.199949,0.55,qwen2.5-7b-instruct-q8_0-00001-of-00003.gguf,32
14B,Q4_K_M,512,133.890285,284.096389,54.110000,532.060000,72,0.471285,2.121860,7.468802,0.589405,0.589406,0.000324,0.324173,0.55,qwen2.5-14b-instruct-q4_k_m-00001-of-00003.gguf,40
14B,Q5_K_M,512,120.569211,271.796588,16.690000,535.710000,85,0.443601,2.254279,8.293991,0.626188,0.626189,0.000344,0.344404,0.55,qwen2.5-14b-instruct-q5_k_m-00001-of-00003.gguf,47
